Accuracy,Precision,Recall,F1,ROC-AUC,PR-AUC,FeatureGroup,FeatureCount
0.8077777777777778,0.6666666666666666,0.20725388601036268,0.31620553359683795,0.7424569992158359,0.49303133323198933,synthetic_informative,10
0.7844444444444445,0.4864864864864865,0.09326424870466321,0.1565217391304348,0.6118863181654952,0.3165685495180051,synthetic_redundant,10
0.7755555555555556,0.3953488372093023,0.08808290155440414,0.1440677966101695,0.6352646737656742,0.3221638776751736,synthetic_noise,5
0.8333333333333334,0.7721518987341772,0.3160621761658031,0.4485294117647059,0.8366153417710386,0.6421141042571885,all_features,25
