Accuracy,Precision,Recall,F1,ROC-AUC,PR-AUC,NoiseLevel,Model
0.8377777777777777,0.7764705882352941,0.34196891191709844,0.4748201438848921,0.8484877355241075,0.6681734153490538,0.0,0% noise
0.8344444444444444,0.7558139534883721,0.33678756476683935,0.4659498207885305,0.8298143655964412,0.6231402808245821,0.01,1% noise
0.8277777777777777,0.7567567567567568,0.29015544041450775,0.41947565543071164,0.8114048266410652,0.5963906479743918,0.02,2% noise
0.82,0.7384615384615385,0.24870466321243523,0.37209302325581395,0.8042960476654623,0.5831542581631439,0.05,5% noise
0.8211111111111111,0.7424242424242424,0.2538860103626943,0.3783783783783784,0.7618852188697773,0.522858949966111,0.1,10% noise
